/home/vivien/Classwork/cs182/mv-gen/split_audio_dir//327.wav,327
/home/vivien/Classwork/cs182/mv-gen/split_audio_dir//201.wav,201
/home/vivien/Classwork/cs182/mv-gen/split_audio_dir//64.wav,64
/home/vivien/Classwork/cs182/mv-gen/split_audio_dir//401.wav,401
/home/vivien/Classwork/cs182/mv-gen/split_audio_dir//5.wav,5
/home/vivien/Classwork/cs182/mv-gen/split_audio_dir//299.wav,299
/home/vivien/Classwork/cs182/mv-gen/split_audio_dir//353.wav,353
/home/vivien/Classwork/cs182/mv-gen/split_audio_dir//325.wav,325
/home/vivien/Classwork/cs182/mv-gen/split_audio_dir//207.wav,207
/home/vivien/Classwork/cs182/mv-gen/split_audio_dir//234.wav,234
/home/vivien/Classwork/cs182/mv-gen/split_audio_dir//295.wav,295
/home/vivien/Classwork/cs182/mv-gen/split_audio_dir//123.wav,123
/home/vivien/Classwork/cs182/mv-gen/split_audio_dir//278.wav,278
/home/vivien/Classwork/cs182/mv-gen/split_audio_dir//247.wav,247
/home/vivien/Classwork/cs182/mv-gen/split_audio_dir//339.wav,339
/home/vivien/Classwork/cs182/mv-gen/split_audio_dir//206.wav,206
/home/vivien/Classwork/cs182/mv-gen/split_audio_dir//468.wav,468
/home/vivien/Classwork/cs182/mv-gen/split_audio_dir//17.wav,17
/home/vivien/Classwork/cs182/mv-gen/split_audio_dir//370.wav,370
/home/vivien/Classwork/cs182/mv-gen/split_audio_dir//156.wav,156
/home/vivien/Classwork/cs182/mv-gen/split_audio_dir//75.wav,75
/home/vivien/Classwork/cs182/mv-gen/split_audio_dir//60.wav,60
/home/vivien/Classwork/cs182/mv-gen/split_audio_dir//463.wav,463
/home/vivien/Classwork/cs182/mv-gen/split_audio_dir//378.wav,378
/home/vivien/Classwork/cs182/mv-gen/split_audio_dir//13.wav,13
/home/vivien/Classwork/cs182/mv-gen/split_audio_dir//237.wav,237
/home/vivien/Classwork/cs182/mv-gen/split_audio_dir//373.wav,373
/home/vivien/Classwork/cs182/mv-gen/split_audio_dir//385.wav,385
/home/vivien/Classwork/cs182/mv-gen/split_audio_dir//317.wav,317
/home/vivien/Classwork/cs182/mv-gen/split_audio_dir//193.wav,193
/home/vivien/Classwork/cs182/mv-gen/split_audio_dir//279.wav,279
/home/vivien/Classwork/cs182/mv-gen/split_audio_dir//270.wav,270
/home/vivien/Classwork/cs182/mv-gen/split_audio_dir//316.wav,316
/home/vivien/Classwork/cs182/mv-gen/split_audio_dir//427.wav,427
/home/vivien/Classwork/cs182/mv-gen/split_audio_dir//390.wav,390
/home/vivien/Classwork/cs182/mv-gen/split_audio_dir//103.wav,103
/home/vivien/Classwork/cs182/mv-gen/split_audio_dir//204.wav,204
/home/vivien/Classwork/cs182/mv-gen/split_audio_dir//35.wav,35
/home/vivien/Classwork/cs182/mv-gen/split_audio_dir//20.wav,20
/home/vivien/Classwork/cs182/mv-gen/split_audio_dir//7.wav,7
/home/vivien/Classwork/cs182/mv-gen/split_audio_dir//232.wav,232
/home/vivien/Classwork/cs182/mv-gen/split_audio_dir//340.wav,340
/home/vivien/Classwork/cs182/mv-gen/split_audio_dir//354.wav,354
/home/vivien/Classwork/cs182/mv-gen/split_audio_dir//102.wav,102
/home/vivien/Classwork/cs182/mv-gen/split_audio_dir//188.wav,188
/home/vivien/Classwork/cs182/mv-gen/split_audio_dir//455.wav,455
/home/vivien/Classwork/cs182/mv-gen/split_audio_dir//36.wav,36
/home/vivien/Classwork/cs182/mv-gen/split_audio_dir//341.wav,341
/home/vivien/Classwork/cs182/mv-gen/split_audio_dir//130.wav,130
/home/vivien/Classwork/cs182/mv-gen/split_audio_dir//376.wav,376
/home/vivien/Classwork/cs182/mv-gen/split_audio_dir//48.wav,48
/home/vivien/Classwork/cs182/mv-gen/split_audio_dir//392.wav,392
/home/vivien/Classwork/cs182/mv-gen/split_audio_dir//300.wav,300
/home/vivien/Classwork/cs182/mv-gen/split_audio_dir//44.wav,44
/home/vivien/Classwork/cs182/mv-gen/split_audio_dir//254.wav,254
/home/vivien/Classwork/cs182/mv-gen/split_audio_dir//456.wav,456
/home/vivien/Classwork/cs182/mv-gen/split_audio_dir//249.wav,249
/home/vivien/Classwork/cs182/mv-gen/split_audio_dir//308.wav,308
/home/vivien/Classwork/cs182/mv-gen/split_audio_dir//266.wav,266
/home/vivien/Classwork/cs182/mv-gen/split_audio_dir//167.wav,167
/home/vivien/Classwork/cs182/mv-gen/split_audio_dir//273.wav,273
/home/vivien/Classwork/cs182/mv-gen/split_audio_dir//143.wav,143
/home/vivien/Classwork/cs182/mv-gen/split_audio_dir//174.wav,174
/home/vivien/Classwork/cs182/mv-gen/split_audio_dir//169.wav,169
/home/vivien/Classwork/cs182/mv-gen/split_audio_dir//261.wav,261
/home/vivien/Classwork/cs182/mv-gen/split_audio_dir//452.wav,452
/home/vivien/Classwork/cs182/mv-gen/split_audio_dir//127.wav,127
/home/vivien/Classwork/cs182/mv-gen/split_audio_dir//191.wav,191
/home/vivien/Classwork/cs182/mv-gen/split_audio_dir//83.wav,83
/home/vivien/Classwork/cs182/mv-gen/split_audio_dir//176.wav,176
/home/vivien/Classwork/cs182/mv-gen/split_audio_dir//213.wav,213
/home/vivien/Classwork/cs182/mv-gen/split_audio_dir//424.wav,424
/home/vivien/Classwork/cs182/mv-gen/split_audio_dir//92.wav,92
/home/vivien/Classwork/cs182/mv-gen/split_audio_dir//52.wav,52
/home/vivien/Classwork/cs182/mv-gen/split_audio_dir//257.wav,257
/home/vivien/Classwork/cs182/mv-gen/split_audio_dir//38.wav,38
/home/vivien/Classwork/cs182/mv-gen/split_audio_dir//144.wav,144
/home/vivien/Classwork/cs182/mv-gen/split_audio_dir//194.wav,194
/home/vivien/Classwork/cs182/mv-gen/split_audio_dir//301.wav,301
/home/vivien/Classwork/cs182/mv-gen/split_audio_dir//359.wav,359
/home/vivien/Classwork/cs182/mv-gen/split_audio_dir//297.wav,297
/home/vivien/Classwork/cs182/mv-gen/split_audio_dir//116.wav,116
/home/vivien/Classwork/cs182/mv-gen/split_audio_dir//357.wav,357
/home/vivien/Classwork/cs182/mv-gen/split_audio_dir//28.wav,28
/home/vivien/Classwork/cs182/mv-gen/split_audio_dir//446.wav,446
/home/vivien/Classwork/cs182/mv-gen/split_audio_dir//410.wav,410
/home/vivien/Classwork/cs182/mv-gen/split_audio_dir//309.wav,309
/home/vivien/Classwork/cs182/mv-gen/split_audio_dir//73.wav,73
/home/vivien/Classwork/cs182/mv-gen/split_audio_dir//115.wav,115
/home/vivien/Classwork/cs182/mv-gen/split_audio_dir//466.wav,466
/home/vivien/Classwork/cs182/mv-gen/split_audio_dir//321.wav,321
/home/vivien/Classwork/cs182/mv-gen/split_audio_dir//320.wav,320
/home/vivien/Classwork/cs182/mv-gen/split_audio_dir//109.wav,109
/home/vivien/Classwork/cs182/mv-gen/split_audio_dir//58.wav,58
/home/vivien/Classwork/cs182/mv-gen/split_audio_dir//312.wav,312
/home/vivien/Classwork/cs182/mv-gen/split_audio_dir//41.wav,41
/home/vivien/Classwork/cs182/mv-gen/split_audio_dir//59.wav,59
/home/vivien/Classwork/cs182/mv-gen/split_audio_dir//183.wav,183
/home/vivien/Classwork/cs182/mv-gen/split_audio_dir//181.wav,181
/home/vivien/Classwork/cs182/mv-gen/split_audio_dir//15.wav,15
/home/vivien/Classwork/cs182/mv-gen/split_audio_dir//437.wav,437
/home/vivien/Classwork/cs182/mv-gen/split_audio_dir//50.wav,50
/home/vivien/Classwork/cs182/mv-gen/split_audio_dir//220.wav,220
/home/vivien/Classwork/cs182/mv-gen/split_audio_dir//172.wav,172
/home/vivien/Classwork/cs182/mv-gen/split_audio_dir//95.wav,95
/home/vivien/Classwork/cs182/mv-gen/split_audio_dir//369.wav,369
/home/vivien/Classwork/cs182/mv-gen/split_audio_dir//302.wav,302
/home/vivien/Classwork/cs182/mv-gen/split_audio_dir//161.wav,161
/home/vivien/Classwork/cs182/mv-gen/split_audio_dir//326.wav,326
/home/vivien/Classwork/cs182/mv-gen/split_audio_dir//246.wav,246
/home/vivien/Classwork/cs182/mv-gen/split_audio_dir//200.wav,200
/home/vivien/Classwork/cs182/mv-gen/split_audio_dir//440.wav,440
/home/vivien/Classwork/cs182/mv-gen/split_audio_dir//120.wav,120
/home/vivien/Classwork/cs182/mv-gen/split_audio_dir//238.wav,238
/home/vivien/Classwork/cs182/mv-gen/split_audio_dir//151.wav,151
/home/vivien/Classwork/cs182/mv-gen/split_audio_dir//229.wav,229
/home/vivien/Classwork/cs182/mv-gen/split_audio_dir//67.wav,67
/home/vivien/Classwork/cs182/mv-gen/split_audio_dir//117.wav,117
/home/vivien/Classwork/cs182/mv-gen/split_audio_dir//211.wav,211
/home/vivien/Classwork/cs182/mv-gen/split_audio_dir//96.wav,96
/home/vivien/Classwork/cs182/mv-gen/split_audio_dir//106.wav,106
/home/vivien/Classwork/cs182/mv-gen/split_audio_dir//89.wav,89
/home/vivien/Classwork/cs182/mv-gen/split_audio_dir//414.wav,414
/home/vivien/Classwork/cs182/mv-gen/split_audio_dir//304.wav,304
/home/vivien/Classwork/cs182/mv-gen/split_audio_dir//453.wav,453
/home/vivien/Classwork/cs182/mv-gen/split_audio_dir//192.wav,192
/home/vivien/Classwork/cs182/mv-gen/split_audio_dir//334.wav,334
/home/vivien/Classwork/cs182/mv-gen/split_audio_dir//32.wav,32
/home/vivien/Classwork/cs182/mv-gen/split_audio_dir//306.wav,306
/home/vivien/Classwork/cs182/mv-gen/split_audio_dir//128.wav,128
/home/vivien/Classwork/cs182/mv-gen/split_audio_dir//287.wav,287
/home/vivien/Classwork/cs182/mv-gen/split_audio_dir//337.wav,337
/home/vivien/Classwork/cs182/mv-gen/split_audio_dir//454.wav,454
/home/vivien/Classwork/cs182/mv-gen/split_audio_dir//175.wav,175
/home/vivien/Classwork/cs182/mv-gen/split_audio_dir//263.wav,263
/home/vivien/Classwork/cs182/mv-gen/split_audio_dir//99.wav,99
/home/vivien/Classwork/cs182/mv-gen/split_audio_dir//70.wav,70
/home/vivien/Classwork/cs182/mv-gen/split_audio_dir//403.wav,403
/home/vivien/Classwork/cs182/mv-gen/split_audio_dir//244.wav,244
/home/vivien/Classwork/cs182/mv-gen/split_audio_dir//416.wav,416
/home/vivien/Classwork/cs182/mv-gen/split_audio_dir//136.wav,136
/home/vivien/Classwork/cs182/mv-gen/split_audio_dir//29.wav,29
/home/vivien/Classwork/cs182/mv-gen/split_audio_dir//182.wav,182
/home/vivien/Classwork/cs182/mv-gen/split_audio_dir//203.wav,203
/home/vivien/Classwork/cs182/mv-gen/split_audio_dir//382.wav,382
/home/vivien/Classwork/cs182/mv-gen/split_audio_dir//87.wav,87
/home/vivien/Classwork/cs182/mv-gen/split_audio_dir//148.wav,148
/home/vivien/Classwork/cs182/mv-gen/split_audio_dir//69.wav,69
/home/vivien/Classwork/cs182/mv-gen/split_audio_dir//283.wav,283
/home/vivien/Classwork/cs182/mv-gen/split_audio_dir//65.wav,65
/home/vivien/Classwork/cs182/mv-gen/split_audio_dir//450.wav,450
/home/vivien/Classwork/cs182/mv-gen/split_audio_dir//226.wav,226
/home/vivien/Classwork/cs182/mv-gen/split_audio_dir//350.wav,350
/home/vivien/Classwork/cs182/mv-gen/split_audio_dir//227.wav,227
/home/vivien/Classwork/cs182/mv-gen/split_audio_dir//133.wav,133
/home/vivien/Classwork/cs182/mv-gen/split_audio_dir//251.wav,251
/home/vivien/Classwork/cs182/mv-gen/split_audio_dir//443.wav,443
/home/vivien/Classwork/cs182/mv-gen/split_audio_dir//111.wav,111
/home/vivien/Classwork/cs182/mv-gen/split_audio_dir//277.wav,277
/home/vivien/Classwork/cs182/mv-gen/split_audio_dir//166.wav,166
/home/vivien/Classwork/cs182/mv-gen/split_audio_dir//388.wav,388
/home/vivien/Classwork/cs182/mv-gen/split_audio_dir//12.wav,12
/home/vivien/Classwork/cs182/mv-gen/split_audio_dir//258.wav,258
/home/vivien/Classwork/cs182/mv-gen/split_audio_dir//179.wav,179
/home/vivien/Classwork/cs182/mv-gen/split_audio_dir//343.wav,343
/home/vivien/Classwork/cs182/mv-gen/split_audio_dir//33.wav,33
/home/vivien/Classwork/cs182/mv-gen/split_audio_dir//230.wav,230
/home/vivien/Classwork/cs182/mv-gen/split_audio_dir//80.wav,80
/home/vivien/Classwork/cs182/mv-gen/split_audio_dir//433.wav,433
/home/vivien/Classwork/cs182/mv-gen/split_audio_dir//419.wav,419
/home/vivien/Classwork/cs182/mv-gen/split_audio_dir//457.wav,457
/home/vivien/Classwork/cs182/mv-gen/split_audio_dir//26.wav,26
/home/vivien/Classwork/cs182/mv-gen/split_audio_dir//112.wav,112
/home/vivien/Classwork/cs182/mv-gen/split_audio_dir//298.wav,298
/home/vivien/Classwork/cs182/mv-gen/split_audio_dir//180.wav,180
/home/vivien/Classwork/cs182/mv-gen/split_audio_dir//30.wav,30
/home/vivien/Classwork/cs182/mv-gen/split_audio_dir//307.wav,307
/home/vivien/Classwork/cs182/mv-gen/split_audio_dir//105.wav,105
/home/vivien/Classwork/cs182/mv-gen/split_audio_dir//400.wav,400
/home/vivien/Classwork/cs182/mv-gen/split_audio_dir//268.wav,268
/home/vivien/Classwork/cs182/mv-gen/split_audio_dir//351.wav,351
/home/vivien/Classwork/cs182/mv-gen/split_audio_dir//319.wav,319
/home/vivien/Classwork/cs182/mv-gen/split_audio_dir//129.wav,129
/home/vivien/Classwork/cs182/mv-gen/split_audio_dir//442.wav,442
/home/vivien/Classwork/cs182/mv-gen/split_audio_dir//168.wav,168
/home/vivien/Classwork/cs182/mv-gen/split_audio_dir//186.wav,186
/home/vivien/Classwork/cs182/mv-gen/split_audio_dir//208.wav,208
/home/vivien/Classwork/cs182/mv-gen/split_audio_dir//110.wav,110
/home/vivien/Classwork/cs182/mv-gen/split_audio_dir//4.wav,4
/home/vivien/Classwork/cs182/mv-gen/split_audio_dir//265.wav,265
/home/vivien/Classwork/cs182/mv-gen/split_audio_dir//267.wav,267
/home/vivien/Classwork/cs182/mv-gen/split_audio_dir//132.wav,132
/home/vivien/Classwork/cs182/mv-gen/split_audio_dir//118.wav,118
/home/vivien/Classwork/cs182/mv-gen/split_audio_dir//68.wav,68
/home/vivien/Classwork/cs182/mv-gen/split_audio_dir//332.wav,332
/home/vivien/Classwork/cs182/mv-gen/split_audio_dir//22.wav,22
/home/vivien/Classwork/cs182/mv-gen/split_audio_dir//425.wav,425
/home/vivien/Classwork/cs182/mv-gen/split_audio_dir//435.wav,435
/home/vivien/Classwork/cs182/mv-gen/split_audio_dir//223.wav,223
/home/vivien/Classwork/cs182/mv-gen/split_audio_dir//54.wav,54
/home/vivien/Classwork/cs182/mv-gen/split_audio_dir//253.wav,253
/home/vivien/Classwork/cs182/mv-gen/split_audio_dir//171.wav,171
/home/vivien/Classwork/cs182/mv-gen/split_audio_dir//423.wav,423
/home/vivien/Classwork/cs182/mv-gen/split_audio_dir//16.wav,16
/home/vivien/Classwork/cs182/mv-gen/split_audio_dir//49.wav,49
/home/vivien/Classwork/cs182/mv-gen/split_audio_dir//23.wav,23
/home/vivien/Classwork/cs182/mv-gen/split_audio_dir//413.wav,413
/home/vivien/Classwork/cs182/mv-gen/split_audio_dir//467.wav,467
/home/vivien/Classwork/cs182/mv-gen/split_audio_dir//394.wav,394
/home/vivien/Classwork/cs182/mv-gen/split_audio_dir//448.wav,448
/home/vivien/Classwork/cs182/mv-gen/split_audio_dir//429.wav,429
/home/vivien/Classwork/cs182/mv-gen/split_audio_dir//286.wav,286
/home/vivien/Classwork/cs182/mv-gen/split_audio_dir//374.wav,374
/home/vivien/Classwork/cs182/mv-gen/split_audio_dir//221.wav,221
/home/vivien/Classwork/cs182/mv-gen/split_audio_dir//426.wav,426
/home/vivien/Classwork/cs182/mv-gen/split_audio_dir//256.wav,256
/home/vivien/Classwork/cs182/mv-gen/split_audio_dir//124.wav,124
/home/vivien/Classwork/cs182/mv-gen/split_audio_dir//74.wav,74
/home/vivien/Classwork/cs182/mv-gen/split_audio_dir//209.wav,209
/home/vivien/Classwork/cs182/mv-gen/split_audio_dir//399.wav,399
/home/vivien/Classwork/cs182/mv-gen/split_audio_dir//0.wav,0
/home/vivien/Classwork/cs182/mv-gen/split_audio_dir//155.wav,155
/home/vivien/Classwork/cs182/mv-gen/split_audio_dir//396.wav,396
/home/vivien/Classwork/cs182/mv-gen/split_audio_dir//397.wav,397
/home/vivien/Classwork/cs182/mv-gen/split_audio_dir//219.wav,219
/home/vivien/Classwork/cs182/mv-gen/split_audio_dir//260.wav,260
/home/vivien/Classwork/cs182/mv-gen/split_audio_dir//190.wav,190
/home/vivien/Classwork/cs182/mv-gen/split_audio_dir//409.wav,409
/home/vivien/Classwork/cs182/mv-gen/split_audio_dir//66.wav,66
/home/vivien/Classwork/cs182/mv-gen/split_audio_dir//231.wav,231
/home/vivien/Classwork/cs182/mv-gen/split_audio_dir//25.wav,25
/home/vivien/Classwork/cs182/mv-gen/split_audio_dir//1.wav,1
/home/vivien/Classwork/cs182/mv-gen/split_audio_dir//51.wav,51
/home/vivien/Classwork/cs182/mv-gen/split_audio_dir//398.wav,398
/home/vivien/Classwork/cs182/mv-gen/split_audio_dir//441.wav,441
/home/vivien/Classwork/cs182/mv-gen/split_audio_dir//57.wav,57
/home/vivien/Classwork/cs182/mv-gen/split_audio_dir//11.wav,11
/home/vivien/Classwork/cs182/mv-gen/split_audio_dir//284.wav,284
/home/vivien/Classwork/cs182/mv-gen/split_audio_dir//224.wav,224
/home/vivien/Classwork/cs182/mv-gen/split_audio_dir//465.wav,465
/home/vivien/Classwork/cs182/mv-gen/split_audio_dir//47.wav,47
/home/vivien/Classwork/cs182/mv-gen/split_audio_dir//436.wav,436
/home/vivien/Classwork/cs182/mv-gen/split_audio_dir//421.wav,421
/home/vivien/Classwork/cs182/mv-gen/split_audio_dir//418.wav,418
/home/vivien/Classwork/cs182/mv-gen/split_audio_dir//311.wav,311
/home/vivien/Classwork/cs182/mv-gen/split_audio_dir//330.wav,330
/home/vivien/Classwork/cs182/mv-gen/split_audio_dir//53.wav,53
/home/vivien/Classwork/cs182/mv-gen/split_audio_dir//131.wav,131
/home/vivien/Classwork/cs182/mv-gen/split_audio_dir//199.wav,199
/home/vivien/Classwork/cs182/mv-gen/split_audio_dir//349.wav,349
/home/vivien/Classwork/cs182/mv-gen/split_audio_dir//215.wav,215
/home/vivien/Classwork/cs182/mv-gen/split_audio_dir//461.wav,461
/home/vivien/Classwork/cs182/mv-gen/split_audio_dir//458.wav,458
/home/vivien/Classwork/cs182/mv-gen/split_audio_dir//6.wav,6
/home/vivien/Classwork/cs182/mv-gen/split_audio_dir//139.wav,139
/home/vivien/Classwork/cs182/mv-gen/split_audio_dir//296.wav,296
/home/vivien/Classwork/cs182/mv-gen/split_audio_dir//346.wav,346
/home/vivien/Classwork/cs182/mv-gen/split_audio_dir//412.wav,412
/home/vivien/Classwork/cs182/mv-gen/split_audio_dir//233.wav,233
/home/vivien/Classwork/cs182/mv-gen/split_audio_dir//367.wav,367
/home/vivien/Classwork/cs182/mv-gen/split_audio_dir//214.wav,214
/home/vivien/Classwork/cs182/mv-gen/split_audio_dir//122.wav,122
/home/vivien/Classwork/cs182/mv-gen/split_audio_dir//355.wav,355
/home/vivien/Classwork/cs182/mv-gen/split_audio_dir//10.wav,10
/home/vivien/Classwork/cs182/mv-gen/split_audio_dir//294.wav,294
/home/vivien/Classwork/cs182/mv-gen/split_audio_dir//9.wav,9
/home/vivien/Classwork/cs182/mv-gen/split_audio_dir//173.wav,173
/home/vivien/Classwork/cs182/mv-gen/split_audio_dir//78.wav,78
/home/vivien/Classwork/cs182/mv-gen/split_audio_dir//93.wav,93
/home/vivien/Classwork/cs182/mv-gen/split_audio_dir//18.wav,18
/home/vivien/Classwork/cs182/mv-gen/split_audio_dir//417.wav,417
/home/vivien/Classwork/cs182/mv-gen/split_audio_dir//439.wav,439
/home/vivien/Classwork/cs182/mv-gen/split_audio_dir//218.wav,218
/home/vivien/Classwork/cs182/mv-gen/split_audio_dir//165.wav,165
/home/vivien/Classwork/cs182/mv-gen/split_audio_dir//364.wav,364
/home/vivien/Classwork/cs182/mv-gen/split_audio_dir//138.wav,138
/home/vivien/Classwork/cs182/mv-gen/split_audio_dir//282.wav,282
/home/vivien/Classwork/cs182/mv-gen/split_audio_dir//274.wav,274
/home/vivien/Classwork/cs182/mv-gen/split_audio_dir//395.wav,395
/home/vivien/Classwork/cs182/mv-gen/split_audio_dir//196.wav,196
/home/vivien/Classwork/cs182/mv-gen/split_audio_dir//195.wav,195
/home/vivien/Classwork/cs182/mv-gen/split_audio_dir//21.wav,21
/home/vivien/Classwork/cs182/mv-gen/split_audio_dir//379.wav,379
/home/vivien/Classwork/cs182/mv-gen/split_audio_dir//310.wav,310
/home/vivien/Classwork/cs182/mv-gen/split_audio_dir//241.wav,241
/home/vivien/Classwork/cs182/mv-gen/split_audio_dir//449.wav,449
/home/vivien/Classwork/cs182/mv-gen/split_audio_dir//323.wav,323
/home/vivien/Classwork/cs182/mv-gen/split_audio_dir//347.wav,347
/home/vivien/Classwork/cs182/mv-gen/split_audio_dir//430.wav,430
/home/vivien/Classwork/cs182/mv-gen/split_audio_dir//315.wav,315
/home/vivien/Classwork/cs182/mv-gen/split_audio_dir//160.wav,160
/home/vivien/Classwork/cs182/mv-gen/split_audio_dir//164.wav,164
/home/vivien/Classwork/cs182/mv-gen/split_audio_dir//45.wav,45
/home/vivien/Classwork/cs182/mv-gen/split_audio_dir//240.wav,240
/home/vivien/Classwork/cs182/mv-gen/split_audio_dir//255.wav,255
/home/vivien/Classwork/cs182/mv-gen/split_audio_dir//262.wav,262
/home/vivien/Classwork/cs182/mv-gen/split_audio_dir//406.wav,406
/home/vivien/Classwork/cs182/mv-gen/split_audio_dir//404.wav,404
/home/vivien/Classwork/cs182/mv-gen/split_audio_dir//372.wav,372
/home/vivien/Classwork/cs182/mv-gen/split_audio_dir//288.wav,288
/home/vivien/Classwork/cs182/mv-gen/split_audio_dir//34.wav,34
/home/vivien/Classwork/cs182/mv-gen/split_audio_dir//335.wav,335
/home/vivien/Classwork/cs182/mv-gen/split_audio_dir//225.wav,225
/home/vivien/Classwork/cs182/mv-gen/split_audio_dir//243.wav,243
/home/vivien/Classwork/cs182/mv-gen/split_audio_dir//236.wav,236
/home/vivien/Classwork/cs182/mv-gen/split_audio_dir//222.wav,222
/home/vivien/Classwork/cs182/mv-gen/split_audio_dir//292.wav,292
/home/vivien/Classwork/cs182/mv-gen/split_audio_dir//145.wav,145
/home/vivien/Classwork/cs182/mv-gen/split_audio_dir//361.wav,361
/home/vivien/Classwork/cs182/mv-gen/split_audio_dir//217.wav,217
/home/vivien/Classwork/cs182/mv-gen/split_audio_dir//269.wav,269
/home/vivien/Classwork/cs182/mv-gen/split_audio_dir//383.wav,383
/home/vivien/Classwork/cs182/mv-gen/split_audio_dir//324.wav,324
/home/vivien/Classwork/cs182/mv-gen/split_audio_dir//411.wav,411
/home/vivien/Classwork/cs182/mv-gen/split_audio_dir//140.wav,140
/home/vivien/Classwork/cs182/mv-gen/split_audio_dir//290.wav,290
/home/vivien/Classwork/cs182/mv-gen/split_audio_dir//271.wav,271
/home/vivien/Classwork/cs182/mv-gen/split_audio_dir//43.wav,43
/home/vivien/Classwork/cs182/mv-gen/split_audio_dir//281.wav,281
/home/vivien/Classwork/cs182/mv-gen/split_audio_dir//153.wav,153
/home/vivien/Classwork/cs182/mv-gen/split_audio_dir//434.wav,434
/home/vivien/Classwork/cs182/mv-gen/split_audio_dir//386.wav,386
/home/vivien/Classwork/cs182/mv-gen/split_audio_dir//408.wav,408
/home/vivien/Classwork/cs182/mv-gen/split_audio_dir//352.wav,352
/home/vivien/Classwork/cs182/mv-gen/split_audio_dir//228.wav,228
/home/vivien/Classwork/cs182/mv-gen/split_audio_dir//8.wav,8
/home/vivien/Classwork/cs182/mv-gen/split_audio_dir//202.wav,202
/home/vivien/Classwork/cs182/mv-gen/split_audio_dir//81.wav,81
/home/vivien/Classwork/cs182/mv-gen/split_audio_dir//84.wav,84
/home/vivien/Classwork/cs182/mv-gen/split_audio_dir//14.wav,14
/home/vivien/Classwork/cs182/mv-gen/split_audio_dir//142.wav,142
/home/vivien/Classwork/cs182/mv-gen/split_audio_dir//380.wav,380
/home/vivien/Classwork/cs182/mv-gen/split_audio_dir//55.wav,55
/home/vivien/Classwork/cs182/mv-gen/split_audio_dir//46.wav,46
/home/vivien/Classwork/cs182/mv-gen/split_audio_dir//88.wav,88
/home/vivien/Classwork/cs182/mv-gen/split_audio_dir//331.wav,331
/home/vivien/Classwork/cs182/mv-gen/split_audio_dir//63.wav,63
/home/vivien/Classwork/cs182/mv-gen/split_audio_dir//108.wav,108
/home/vivien/Classwork/cs182/mv-gen/split_audio_dir//212.wav,212
/home/vivien/Classwork/cs182/mv-gen/split_audio_dir//375.wav,375
/home/vivien/Classwork/cs182/mv-gen/split_audio_dir//348.wav,348
/home/vivien/Classwork/cs182/mv-gen/split_audio_dir//358.wav,358
/home/vivien/Classwork/cs182/mv-gen/split_audio_dir//248.wav,248
/home/vivien/Classwork/cs182/mv-gen/split_audio_dir//119.wav,119
/home/vivien/Classwork/cs182/mv-gen/split_audio_dir//460.wav,460
/home/vivien/Classwork/cs182/mv-gen/split_audio_dir//407.wav,407
/home/vivien/Classwork/cs182/mv-gen/split_audio_dir//37.wav,37
/home/vivien/Classwork/cs182/mv-gen/split_audio_dir//368.wav,368
/home/vivien/Classwork/cs182/mv-gen/split_audio_dir//285.wav,285
/home/vivien/Classwork/cs182/mv-gen/split_audio_dir//415.wav,415
/home/vivien/Classwork/cs182/mv-gen/split_audio_dir//329.wav,329
/home/vivien/Classwork/cs182/mv-gen/split_audio_dir//356.wav,356
/home/vivien/Classwork/cs182/mv-gen/split_audio_dir//40.wav,40
/home/vivien/Classwork/cs182/mv-gen/split_audio_dir//381.wav,381
/home/vivien/Classwork/cs182/mv-gen/split_audio_dir//464.wav,464
/home/vivien/Classwork/cs182/mv-gen/split_audio_dir//101.wav,101
/home/vivien/Classwork/cs182/mv-gen/split_audio_dir//252.wav,252
/home/vivien/Classwork/cs182/mv-gen/split_audio_dir//42.wav,42
/home/vivien/Classwork/cs182/mv-gen/split_audio_dir//184.wav,184
/home/vivien/Classwork/cs182/mv-gen/split_audio_dir//235.wav,235
/home/vivien/Classwork/cs182/mv-gen/split_audio_dir//405.wav,405
/home/vivien/Classwork/cs182/mv-gen/split_audio_dir//62.wav,62
/home/vivien/Classwork/cs182/mv-gen/split_audio_dir//377.wav,377
/home/vivien/Classwork/cs182/mv-gen/split_audio_dir//291.wav,291
/home/vivien/Classwork/cs182/mv-gen/split_audio_dir//289.wav,289
/home/vivien/Classwork/cs182/mv-gen/split_audio_dir//147.wav,147
/home/vivien/Classwork/cs182/mv-gen/split_audio_dir//391.wav,391
/home/vivien/Classwork/cs182/mv-gen/split_audio_dir//198.wav,198
/home/vivien/Classwork/cs182/mv-gen/split_audio_dir//338.wav,338
/home/vivien/Classwork/cs182/mv-gen/split_audio_dir//393.wav,393
/home/vivien/Classwork/cs182/mv-gen/split_audio_dir//107.wav,107
/home/vivien/Classwork/cs182/mv-gen/split_audio_dir//76.wav,76
/home/vivien/Classwork/cs182/mv-gen/split_audio_dir//389.wav,389
/home/vivien/Classwork/cs182/mv-gen/split_audio_dir//210.wav,210
/home/vivien/Classwork/cs182/mv-gen/split_audio_dir//365.wav,365
/home/vivien/Classwork/cs182/mv-gen/split_audio_dir//100.wav,100
/home/vivien/Classwork/cs182/mv-gen/split_audio_dir//276.wav,276
/home/vivien/Classwork/cs182/mv-gen/split_audio_dir//27.wav,27
/home/vivien/Classwork/cs182/mv-gen/split_audio_dir//362.wav,362
/home/vivien/Classwork/cs182/mv-gen/split_audio_dir//205.wav,205
/home/vivien/Classwork/cs182/mv-gen/split_audio_dir//158.wav,158
/home/vivien/Classwork/cs182/mv-gen/split_audio_dir//275.wav,275
/home/vivien/Classwork/cs182/mv-gen/split_audio_dir//135.wav,135
/home/vivien/Classwork/cs182/mv-gen/split_audio_dir//149.wav,149
/home/vivien/Classwork/cs182/mv-gen/split_audio_dir//152.wav,152
/home/vivien/Classwork/cs182/mv-gen/split_audio_dir//104.wav,104
/home/vivien/Classwork/cs182/mv-gen/split_audio_dir//420.wav,420
/home/vivien/Classwork/cs182/mv-gen/split_audio_dir//303.wav,303
/home/vivien/Classwork/cs182/mv-gen/split_audio_dir//459.wav,459
/home/vivien/Classwork/cs182/mv-gen/split_audio_dir//85.wav,85
/home/vivien/Classwork/cs182/mv-gen/split_audio_dir//428.wav,428
/home/vivien/Classwork/cs182/mv-gen/split_audio_dir//280.wav,280
/home/vivien/Classwork/cs182/mv-gen/split_audio_dir//94.wav,94
/home/vivien/Classwork/cs182/mv-gen/split_audio_dir//163.wav,163
/home/vivien/Classwork/cs182/mv-gen/split_audio_dir//146.wav,146
/home/vivien/Classwork/cs182/mv-gen/split_audio_dir//432.wav,432
/home/vivien/Classwork/cs182/mv-gen/split_audio_dir//445.wav,445
/home/vivien/Classwork/cs182/mv-gen/split_audio_dir//305.wav,305
/home/vivien/Classwork/cs182/mv-gen/split_audio_dir//333.wav,333
/home/vivien/Classwork/cs182/mv-gen/split_audio_dir//82.wav,82
/home/vivien/Classwork/cs182/mv-gen/split_audio_dir//159.wav,159
/home/vivien/Classwork/cs182/mv-gen/split_audio_dir//447.wav,447
/home/vivien/Classwork/cs182/mv-gen/split_audio_dir//438.wav,438
/home/vivien/Classwork/cs182/mv-gen/split_audio_dir//451.wav,451
/home/vivien/Classwork/cs182/mv-gen/split_audio_dir//197.wav,197
/home/vivien/Classwork/cs182/mv-gen/split_audio_dir//3.wav,3
/home/vivien/Classwork/cs182/mv-gen/split_audio_dir//371.wav,371
/home/vivien/Classwork/cs182/mv-gen/split_audio_dir//86.wav,86
/home/vivien/Classwork/cs182/mv-gen/split_audio_dir//185.wav,185
/home/vivien/Classwork/cs182/mv-gen/split_audio_dir//313.wav,313
/home/vivien/Classwork/cs182/mv-gen/split_audio_dir//79.wav,79
/home/vivien/Classwork/cs182/mv-gen/split_audio_dir//91.wav,91
/home/vivien/Classwork/cs182/mv-gen/split_audio_dir//141.wav,141
/home/vivien/Classwork/cs182/mv-gen/split_audio_dir//318.wav,318
/home/vivien/Classwork/cs182/mv-gen/split_audio_dir//250.wav,250
/home/vivien/Classwork/cs182/mv-gen/split_audio_dir//98.wav,98
/home/vivien/Classwork/cs182/mv-gen/split_audio_dir//328.wav,328
/home/vivien/Classwork/cs182/mv-gen/split_audio_dir//469.wav,469
/home/vivien/Classwork/cs182/mv-gen/split_audio_dir//154.wav,154
/home/vivien/Classwork/cs182/mv-gen/split_audio_dir//126.wav,126
/home/vivien/Classwork/cs182/mv-gen/split_audio_dir//462.wav,462
/home/vivien/Classwork/cs182/mv-gen/split_audio_dir//363.wav,363
/home/vivien/Classwork/cs182/mv-gen/split_audio_dir//322.wav,322
/home/vivien/Classwork/cs182/mv-gen/split_audio_dir//61.wav,61
/home/vivien/Classwork/cs182/mv-gen/split_audio_dir//113.wav,113
/home/vivien/Classwork/cs182/mv-gen/split_audio_dir//360.wav,360
/home/vivien/Classwork/cs182/mv-gen/split_audio_dir//71.wav,71
/home/vivien/Classwork/cs182/mv-gen/split_audio_dir//189.wav,189
/home/vivien/Classwork/cs182/mv-gen/split_audio_dir//272.wav,272
/home/vivien/Classwork/cs182/mv-gen/split_audio_dir//345.wav,345
/home/vivien/Classwork/cs182/mv-gen/split_audio_dir//177.wav,177
/home/vivien/Classwork/cs182/mv-gen/split_audio_dir//344.wav,344
/home/vivien/Classwork/cs182/mv-gen/split_audio_dir//259.wav,259
/home/vivien/Classwork/cs182/mv-gen/split_audio_dir//387.wav,387
/home/vivien/Classwork/cs182/mv-gen/split_audio_dir//242.wav,242
/home/vivien/Classwork/cs182/mv-gen/split_audio_dir//137.wav,137
/home/vivien/Classwork/cs182/mv-gen/split_audio_dir//162.wav,162
/home/vivien/Classwork/cs182/mv-gen/split_audio_dir//2.wav,2
/home/vivien/Classwork/cs182/mv-gen/split_audio_dir//125.wav,125
/home/vivien/Classwork/cs182/mv-gen/split_audio_dir//90.wav,90
/home/vivien/Classwork/cs182/mv-gen/split_audio_dir//24.wav,24
/home/vivien/Classwork/cs182/mv-gen/split_audio_dir//19.wav,19
/home/vivien/Classwork/cs182/mv-gen/split_audio_dir//342.wav,342
/home/vivien/Classwork/cs182/mv-gen/split_audio_dir//121.wav,121
/home/vivien/Classwork/cs182/mv-gen/split_audio_dir//72.wav,72
/home/vivien/Classwork/cs182/mv-gen/split_audio_dir//178.wav,178
/home/vivien/Classwork/cs182/mv-gen/split_audio_dir//157.wav,157
/home/vivien/Classwork/cs182/mv-gen/split_audio_dir//431.wav,431
/home/vivien/Classwork/cs182/mv-gen/split_audio_dir//39.wav,39
/home/vivien/Classwork/cs182/mv-gen/split_audio_dir//245.wav,245
